route_id,agency_id,route_short_name,route_long_name,route_desc,route_type,route_type2_id,valid_from,valid_until
A,2,"A","","KOSZAROWA (SZPITAL) - Koszarowa - Berenta - Wyszyńskiego - pl. Powstańców Warszawy - Oławska - Podwale - Świdnicka - Krucza - Inżynierska - Hallera - Grabiszyńska - Solskiego - Aleja Piastów - Racławicka - RACŁAWICKA|RACŁAWICKA - Aleja Piastów - Solskiego - Grabiszyńska - Hallera - Aleja Pracy - Inżynierska - Krucza - Wielka - Świdnicka - Kościuszki - Krasińskiego - pl. Powstańców Warszawy - Wyszyńskiego - Boya-Żeleńskiego - Berenta - Kasprowicza - Czajkowskiego - Koszarowa - KOSZAROWA (SZPITAL)|RACŁAWICKA - Racławicka - Aleja Piastów - Solskiego - Grabiszyńska - Hallera - Aleja Pracy - Inżynierska - Krucza - Wielka - Świdnicka - Kościuszki - Krasińskiego - pl. Powstańców Warszawy - Wyszyńskiego - Boya-Żeleńskiego - Berenta - Kasprowicza - Czajkowskiego - Koszarowa - KOSZAROWA (SZPITAL)",3,35,"2021-06-26","2999-01-01"
C,2,"C ","","KOZANÓW - Kozanowska - Wejherowska - Popowicka - Długa - mosty Mieszczańskie - Dubois - Sienkiewicza - Szczytnicka - pl. Grunwaldzki - PL. GRUNWALDZKI|PL. GRUNWALDZKI - Wyszyńskiego - Drobnera - Dubois - Dmowskiego - Długa - Popowicka - Kozanowska - KOZANÓW",3,35,"2021-06-26","2999-01-01"
D,2,"D","","OSIEDLE SOBIESKIEGO - Królewska - Bora-Komorowskiego - Krzywoustego - Brücknera - Kochanowskiego - pl. Grunwaldzki - Oławska - Piotra Skargi - Podwale - Świdnicka - Powstańców Śl. - Krzycka - Wałbrzyska - Karmelkowa - Giełdowa - GIEŁDOWA (CENTRUM HURTU)|GIEŁDOWA (CENTRUM HURTU) - Karmelkowa - Wałbrzyska - Krzycka - Powstańców Śl. - Świdnicka - Oławska - pl. Powstańców Warszawy - pl. Grunwaldzki - Kochanowskiego - Brücknera - Krzywoustego - Bora-Komorowskiego - Królewska - OSIEDLE SOBIESKIEGO",3,35,"2021-06-26","2999-01-01"
K,2,"K","","GAJ - PĘTLA - Świeradowska - Borowska - Peronowa - Kazimierza Wlk. - Pomorska - Reymonta - Osobowicka - Łużycka - Bezpieczna - Obornicka - Broniewskiego - Żmigrodzka - Kamieńskiego - KAMIEŃSKIEGO (PĘTLA)|KAMIEŃSKIEGO (PĘTLA) - Żmigrodzka - Broniewskiego - Obornicka - Bezpieczna - Łużycka - Osobowicka - Reymonta - Pomorska - Drobnera - Nowy Świat - Kazimierza Wlk. - Piotra Skargi - Peronowa - Ślężna - Borowska - Świeradowska - GAJ - PĘTLA",3,35,"2021-06-26","2999-01-01"
N,2,"N","","LITEWSKA - Litewska - Żmudzka - Kiełczowska - Krzywoustego - Wyszyńskiego - pl. Powstańców Warszawy - Oławska - Piotra Skargi - Peronowa - Ślężna - Petrusewicza - PETRUSEWICZA|PETRUSEWICZA - Borowska - Peronowa - Oławska - pl. Powstańców Warszawy - Wyszyńskiego - Krzywoustego - Kiełczowska - Żmudzka - Litewska - LITEWSKA",3,35,"2021-06-26","2999-01-01"
1,3,"1","","POŚWIĘTNE - Żmigrodzka - Trzebnicka - pl. Powstańców Wielkopolskich - Słowiańska - Jedności Narodowej - Nowowiejska - Piastowska - Curie-Skłodowskiej - Wróblewskiego - Olszewskiego - BISKUPIN|BISKUPIN - Wróblewskiego - Curie-Skłodowskiej - Piastowska - Nowowiejska - Jedności Narodowej - Słowiańska - pl. Powstańców Wielkopolskich - Trzebnicka - Żmigrodzka - POŚWIĘTNE",0,31,"2021-07-17","2999-01-01"
2,3,"2","","KLECINA - Wałbrzyska - Przyjaźni - Karkonoska - Powstańców Śl. - Aleja Hallera - Grabiszyńska - Piłsudskiego - Kołłątaja - Oławska - pl. Powstańców Warszawy - Wyszyńskiego - Szczytnicka - Rondo Reagana - Curie-Skłodowskiej - Wróblewskiego - Olszewskiego - BISKUPIN|BISKUPIN - Wróblewskiego - Curie-Skłodowskiej - Rondo Reagana - Curie-Skłodowskiej - Wyszyńskiego - pl. Powstańców Warszawy - Oławska - Skargi - Kołłątaja - Piłsudskiego - Grabiszyńska - Aleja Hallera - Powstańców Śl. - Karkonoska - Przyjaźni - Wałbrzyska - KLECINA",0,31,"2021-07-17","2999-01-01"
3,3,"3","","LEŚNICA - Średzka - Kosmonautów - Lotnicza - Legnicka - Złotoryjska - TAT - Podwale - pl. Teatralny - Teatralna - Oławska - Traugutta - Krakowska - Opolska - KSIĘŻE MAŁE|KSIĘŻE MAŁE - Krakowska - Traugutta - Oławska - Teatralna - pl. Teatralny - Podwale - TAT - Śrubowa - Złotoryjska - Legnicka - Lotnicza - Kosmonautów - Średzka - LEŚNICA",0,31,"2021-07-17","2999-01-01"
4,3,"4","","BISKUPIN - Olszewskiego - Wróblewskiego - Curie-Skłodowskiej - Rondo Reagana - pl. Grunwaldzki - pl. Powstańców Warszawy - Traugutta - Pułaskiego - Małachowskiego - Piłsudskiego - Grabiszyńska - OPORÓW|OPORÓW - Piłsudskiego - Małachowskiego - Pułaskiego - Traugutta - pl. Powstańców Warszawy - pl. Grunwaldzki - Rondo Reagana - Curie-Skłodowskiej - Wróblewskiego - Olszewskiego - BISKUPIN",0,31,"2021-07-17","2999-01-01"
5,3,"5","","KSIĘŻE MAŁE - Opolska - Krakowska - Traugutta - Oławska - Skargi - Kołłątaja - Piłsudskiego - Grabiszyńska - OPORÓW|OPORÓW - Piłsudskiego - Kołłątaja - Oławska - Traugutta - Krakowska - Opolska - KSIĘŻE MAŁE",0,31,"2021-07-17","2999-01-01"
6,3,"6","","OPERA - pl. Teatralny - Widok - Szewska - Drobnera - Bema - Poniatowskiego - Jedności Narodowej - Toruńska - Kwidzyńska - KOWALE|KOWALE - Toruńska - Jedności Narodowej - Poniatowskiego - Drobnera - Grodzka - Kazimierza Wlk. - Krupnicza - Podwale - pl. Teatralny - OPERA",0,31,"2021-07-17","2999-01-01"
7,3,"7","","OPERA - Widok - Szewska - Drobnera - Chrobrego - pl. Powstańców Wielkopolskich - Trzebnicka - Żmigrodzka - POŚWIĘTNE|POŚWIĘTNE - Trzebnicka - pl. Powstańców Wielkopolskich - Chrobrego - Drobnera - Grodzka - Kazimierza Wlk. - Krupnicza - Podwale - pl. Teatralny - OPERA",0,31,"2021-07-17","2999-01-01"
8,3,"8","","TARNOGAJ - Tarnogajska - Aleja Armii Krajowej - Bardzka - Hubska - Gliniana - Borowska - Peronowa - Kołłątaja - Bł. Czesława - Św. Katarzyny - Piaskowa - Bema - Poniatowskiego - Słowiańska - pl. Powstańców Wielkopolskich - Trzebnicka - Żmigrodzka - KARŁOWICE|KARŁOWICE - Trzebnicka - pl. Powstańców Wielkopolskich - Słowiańska - Poniatowskiego - pl. Bema - Piaskowa - Św. Katarzyny - Bł. Czesława - Skargi - Kołłątaja - Peronowa - Borowska - Gliniana - Hubska - Bardzka - Aleja Armii Krajowej - Tarnogajska - TARNOGAJ",0,31,"2021-07-17","2999-01-01"
9,3,"9","","SĘPOLNO - Mickiewicza - Aleja Paderewskiego - Aleja Różyckiego - Aleja Kochanowskiego - Grunwaldzka - Sienkiewicza - pl. Bema - Piaskowa - Św. Katarzyny - Bł. Czesława - Skargi - Kołłątaja - Peronowa - Borowska - Ślężna - PARK POŁUDNIOWY|PARK POŁUDNIOWY - Borowska - Peronowa - Kołłątaja - Bł. Czesława - Św. Katarzyny - Piaskowa - Sienkiewicza - Aleja Kochanowskiego - Aleja Różyckiego - Aleja Paderewskiego - Mickiewicza - SĘPOLNO",0,31,"2021-07-17","2999-01-01"
10,3,"10","","LEŚNICA - Średzka - Kosmonautów - Lotnicza - Legnicka - Złotoryjska - TAT - Podwale - pl. Teatralny - Teatralna - Oławska - pl. Powstańców Warszawy - Wyszyńskiego - Szczytnicka - Rondo Reagana - Curie-Skłodowskiej - Wróblewskiego - Olszewskiego - BISKUPIN|BISKUPIN - Wróblewskiego - Curie-Skłodowskiej - Rondo Reagana - Curie-Skłodowskiej - Wyszyńskiego - pl. Powstańców Warszawy - Oławska - Teatralna - pl. Teatralny - Podwale - TAT - Śrubowa - Złotoryjska - Legnicka - Lotnicza - Kosmonautów - Średzka - LEŚNICA",0,31,"2021-07-17","2999-01-01"
11,3,"11","","KROMERA - Toruńska - Jedności Narodowej - Poniatowskiego - pl. Bema - Piaskowa - Św. Katarzyny - Bł. Czesława - Skargi - Kołłątaja - Piłsudskiego - Grabiszyńska - GRABISZYŃSKA (CMENTARZ)|GRABISZYŃSKA (CMENTARZ) - Piłsudskiego - Kołłątaja - Bł. Czesława - Św. Katarzyny - Piaskowa - Bema - Poniatowskiego - Jedności Narodowej - Toruńska - KROMERA",0,31,"2021-07-17","2999-01-01"
15,3,"15","","PARK POŁUDNIOWY - Ślężna - Borowska - Stawowa - Piłsudskiego - Świdnicka - pl. Teatralny - Widok - Szewska - Drobnera - Chrobrego - pl. Powstańców Wielkopolskich - pl. Staszica - Reymonta - Bałtycka - Żmigrodzka - POŚWIĘTNE|POŚWIĘTNE - Bałtycka - Reymonta - pl. Staszica - pl. Powstańców Wielkopolskich - Chrobrego - Drobnera - Grodzka - Kazimierza Wlk. - Krupnicza - Sądowa - Piłsudskiego - Borowska - Ślężna - PARK POŁUDNIOWY",0,31,"2021-07-17","2999-01-01"
16,3,"16","","TARNOGAJ - Tarnogajska - Aleja Armii Krajowej - Bardzka - Hubska - Pułaskiego - Traugutta - pl. Powstańców Warszawy - pl. Grunwaldzki - Rondo Reagana - Curie-Skłodowskiej - Wróblewskiego - ZOO|ZOO - Curie-Skłodowskiej - Rondo Reagana - pl. Grunwaldzki - pl. Powstańców Warszawy - Traugutta - Pułaskiego - Hubska - Bardzka - Aleja Armii Krajowej - Tarnogajska - TARNOGAJ",0,31,"2021-07-17","2999-01-01"
17,3,"17","","KLECINA - Wałbrzyska - Przyjaźni - Karkonoska - Powstańców Śl. - Aleja Hallera - Grabiszyńska - Piłsudskiego - Kołłątaja - Bł. Czesława - Św. Katarzyny - Piaskowa - Sienkiewicza - Aleja Kochanowskiego - Aleja Różyckiego - Aleja Paderewskiego - Mickiewicza - SĘPOLNO|SĘPOLNO - Aleja Paderewskiego - Aleja Różyckiego - Aleja Kochanowskiego - Grunwaldzka - Sienkiewicza - pl. Bema - Piaskowa - Św. Katarzyny - Bł. Czesława - Skargi - Kołłątaja - Piłsudskiego - Grabiszyńska - Aleja Hallera - Powstańców Śl. - Karkonoska - Przyjaźni - Wałbrzyska - KLECINA",0,31,"2021-07-17","2999-01-01"
31,3,"31","","GAJ - Świeradowska - Bardzka - Hubska - Gliniana - Borowska - Stawowa - Piłsudskiego - TAT - Śrubowa - Złotoryjska - Legnicka - Lotnicza - PILCZYCE|PILCZYCE - Legnicka - Złotoryjska - TAT - Piłsudskiego - Borowska - Gliniana - Hubska - Bardzka - Świeradowska - GAJ",0,31,"2021-07-17","2999-01-01"
33,3,"33","","PILCZYCE - Lotnicza - Legnicka - Złotoryjska - TAT - Podwale - pl. Teatralny - Teatralna - Oławska - pl. Powstańców Warszawy - pl. Grunwaldzki - Rondo Reagana - pl. Grunwaldzki - Aleja Kochanowskiego - Aleja Różyckiego - Aleja Paderewskiego - Mickiewicza - SĘPOLNO|SĘPOLNO - Aleja Paderewskiego - Aleja Różyckiego - Aleja Kochanowskiego - pl. Grunwaldzki - Rondo Reagana - pl. Grunwaldzki - pl. Powstańców Warszawy - Oławska - Teatralna - pl. Teatralny - Podwale - TAT - Śrubowa - Złotoryjska - Legnicka - Lotnicza - PILCZYCE",0,31,"2021-07-17","2999-01-01"
70,3,"70","","PARK POŁUDNIOWY - Ślężna - Borowska - Peronowa - Małachowskiego - Pułaskiego - Traugutta - pl. Powstańców Warszawy - pl. Grunwaldzki - Rondo Reagana - Piastowska - Nowowiejska - Jedności Narodowej - Słowiańska - pl. Powstańców Wielkopolskich - pl. Staszica - Reymonta - Osobowicka - OSOBOWICE|OSOBOWICE - Reymonta - pl. Staszica - pl. Powstańców Wielkopolskich - Słowiańska - Jedności Narodowej - Nowowiejska - Piastowska - Rondo Reagana - pl. Grunwaldzki - pl. Powstańców Warszawy - Traugutta - Pułaskiego - Małachowskiego - Piłsudskiego - Peronowa - Borowska - Ślężna - PARK POŁUDNIOWY",0,33,"2021-07-17","2999-01-01"
72,3,"72","","WROCŁAWSKI PARK PRZEMYSŁOWY - Fabryczna - TAT - Podwale - Świdnicka - Powstańców Śl. - HALLERA|HALLERA - pl. Powstańców Śląskich - Powstańców Śl. - Świdnicka - Podwale - TAT - Fabryczna - WROCŁAWSKI PARK PRZEMYSŁOWY",0,33,"2021-07-17","2999-01-01"
73,3,"73","","LEŚNICA - Średzka - Kosmonautów - Lotnicza - Legnicka - Złotoryjska - TAT - Piłsudskiego - Kołłątaja - Bł. Czesława - Św. Katarzyny - Piaskowa - Bema - Poniatowskiego - Jedności Narodowej - Toruńska - KROMERA|KROMERA - Jedności Narodowej - Poniatowskiego - pl. Bema - Piaskowa - Św. Katarzyny - Bł. Czesława - Skargi - Kołłątaja - Piłsudskiego - TAT - Śrubowa - Złotoryjska - Legnicka - Lotnicza - Kosmonautów - Średzka - LEŚNICA",0,33,"2021-07-17","2999-01-01"
74,3,"74","","OPORÓW - Grabiszyńska - Podwale - pl. Teatralny - Widok - Szewska - Drobnera - Chrobrego - pl. Powstańców Wielkopolskich - pl. Staszica - Reymonta - Osobowicka - OSOBOWICE|OSOBOWICE - Reymonta - pl. Staszica - pl. Powstańców Wielkopolskich - Chrobrego - Drobnera - Grodzka - Kazimierza Wlk. - Krupnicza - Sądowa - Grabiszyńska - OPORÓW",0,33,"2021-07-17","2999-01-01"
76,3,"76","","OPERA - pl. Teatralny - Widok - Szewska - Grodzka - Kazimierza Wlk. - Krupnicza - Podwale - Świdnicka - Powstańców Śl. - HALLERA|HALLERA - pl. Powstańców Śląskich - Powstańców Śl. - Świdnicka - pl. Teatralny - OPERA",0,33,"2021-07-17","2999-01-01"
100,2,"100","","MOKRY DWÓR - Batorego - Starodworska - Księska - Opolska - Karwińska - Gazowa - Tarnogajska - Gazowa - Świeradowska - GAJ - PĘTLA|GAJ - PĘTLA - Morwowa - Gazowa - Opolska - Księska - Starodworska - Batorego - MOKRY DWÓR",3,30,"2021-06-26","2999-01-01"
101,2,"101","","LEŚNICA - Płońskiego - Trzmielowicka - Średzka - Jeleniogórska - Stabłowicka - Brodzka - Królewiecka - Pilczycka - Wejherowska - KWISKA|KWISKA - Popowicka - Pilczycka - Królewiecka - Brodzka - Stabłowicka - Jeleniogórska - Płońskiego - LEŚNICA",3,30,"2021-06-26","2999-01-01"
102,2,"102","","GRABOWA - Kosmonautów - Fieldorfa - Wojanowska - Jeleniogórska - Główna - Maślicka - Pilczycka - Legnicka - Zachodnia - Rybacka - Sokolnicza - PL. JANA PAWŁA II|PL. JANA PAWŁA II - Legnicka - Zachodnia - Legnicka - Wejherowska - Popowicka - Pilczycka - Maślicka - Główna - Stabłowicka - Jeleniogórska - Wojanowska - Fieldorfa - Kosmonautów - GRABOWA",3,30,"2021-06-26","2999-01-01"
103,2,"103","","PRACZE ODRZAŃSKIE - Brodzka - Stabłowicka - Główna - Maślicka - Pilczycka - Wejherowska - Popowicka - Starogroblowa - Długa - Mostowa - Sokolnicza - PL. JANA PAWŁA II|PL. JANA PAWŁA II - Legnicka - Zachodnia - Poznańska - Długa - Starogroblowa - Popowicka - Pilczycka - Maślicka - Główna - Stabłowicka - Brodzka - PRACZE ODRZAŃSKIE",3,30,"2021-06-26","2999-01-01"
104,2,"104","","RĘDZIŃSKA - Rędzińska - Maślicka - Pilczycka - Kozanowska - Wejherowska - Popowicka - Starogroblowa - Długa - Mostowa - Legnicka - PL. JANA PAWŁA II|PL. JANA PAWŁA II - Zachodnia - Poznańska - Długa - Starogroblowa - Popowicka - Kozanowska - Pilczycka - Maślicka - Rędzińska - RĘDZIŃSKA",3,30,"2021-06-26","2999-01-01"
105,2,"105","","ŚWINIARY - Pęgowska - Zajączkowska - Pełczyńska - Obornicka - Broniewskiego - Kasprowicza - Berenta - KROMERA|KROMERA - Boya-Żeleńskiego - Berenta - Kasprowicza - Broniewskiego - Obornicka - Pełczyńska - Zajączkowska - Pęgowska - ŚWINIARY",3,30,"2021-07-10","2999-01-01"
106,2,"106","","PORT LOTNICZY - Graniczna - Skarżyńskiego - Graniczna - Strzegomska - Otyńska - Fabryczna - Śrubowa - Strzegomska - Legnicka - Kazimierza Wlk. - Oławska - Dworcowa - DWORZEC GŁÓWNY (DWORCOWA)|DWORZEC GŁÓWNY (DWORCOWA) - Podwale - Kazimierza Wlk. - Legnicka - Strzegomska - TAT - Fabryczna - Strzegomska - Graniczna - Skarżyńskiego - Graniczna - PORT LOTNICZY",3,30,"2021-07-10","2999-01-01"
107,2,"107","","KRZYKI - Karkonoska - Krzycka - Wałbrzyska - Karmelkowa - Giełdowa - Karmelkowa - Solskiego - Grabiszyńska - Ostrowskiego - Krzemieniecka - Stanisławowska - Mińska - Strzegomska - Otyńska - Fabryczna - Śrubowa - Strzegomska - Poznańska - Zachodnia - Rybacka - PL. SOLIDARNOŚCI|PL. SOLIDARNOŚCI - Legnicka - Strzegomska - TAT - Fabryczna - Strzegomska - Mińska - Stanisławowska - Krzemieniecka - Ostrowskiego - Grabiszyńska - Solskiego - Karmelkowa - Giełdowa - Karmelkowa - Wałbrzyska - Krzycka - Karkonoska - KRZYKI",3,30,"2021-07-10","2999-01-01"
108,2,"108","","PRACZE WIDAWSKIE - Zduńska - Kominiarska - Pełczyńska - Obornicka - Broniewskiego - Żmigrodzka - Trzebnicka - pl. Powstańców Wielkopolskich - DWORZEC NADODRZE|DWORZEC NADODRZE - Trzebnicka - Broniewskiego - Obornicka - Pełczyńska - Kominiarska - Zduńska - PRACZE WIDAWSKIE",3,30,"2021-06-26","2999-01-01"
109,2,"109","","JARNOŁTÓW - Jarnołtowska - Jerzmanowska - Żernicka - Zemska - Rogowska - Gubińska - Strzegomska - Otyńska - Fabryczna - Śrubowa - Strzegomska - Poznańska - Zachodnia - Rybacka - PL. SOLIDARNOŚCI|PL. SOLIDARNOŚCI - Legnicka - Strzegomska - TAT - Fabryczna - Strzegomska - Chociebuska - Rogowska - Żernicka - Jerzmanowska - Jarnołtowska - JARNOŁTÓW",3,30,"2021-06-26","2999-01-01"
110,2,"110","","IWINY - RONDO - Strzelińska - Buforowa - Bardzka - Hubska - Sucha - Peronowa - Kołłątaja - Słowackiego - GALERIA DOMINIKAŃSKA|GALERIA DOMINIKAŃSKA - Piotra Skargi - Kołłątaja - Peronowa - Sucha - Hubska - Bardzka - Buforowa - Strzelińska - IWINY - RONDO",3,30,"2021-07-10","2999-01-01"
111,2,"111","","KMINKOWA - Kminkowa - Cynamonowa - Pełczyńska - Obornicka - Broniewskiego - Żmigrodzka - Zakładowa - Rychtalska - Jedności Narodowej - Poniatowskiego - Sienkiewicza - Wyszyńskiego - Szczytnicka - Piastowska - PL. GRUNWALDZKI|PL. GRUNWALDZKI - Sienkiewicza - Bema - Poniatowskiego - Jedności Narodowej - Rychtalska - Słonimskiego - Zakładowa - Broniewskiego - Obornicka - Pełczyńska - Cynamonowa - Kminkowa - KMINKOWA",3,30,"2021-07-10","2999-01-01"
112,2,"112","","KRZYKI - Karkonoska - Waligórskiego - Wojszycka - Ołtaszyńska - Radosna - Chabrowa - Kutrzeby - Parafialna - Grota-Roweckiego - Borowska - Peronowa - DWORZEC GŁÓWNY|DWORZEC GŁÓWNY - Ślężna - Gliniana - Borowska - Grota-Roweckiego - Parafialna - Kutrzeby - Chabrowa - Radosna - Ołtaszyńska - Wojszycka - Waligórskiego - Karkonoska - KRZYKI",3,30,"2021-06-26","2999-01-01"
113,2,"113","","KRZYKI - Zwycięska - Strachowskiego - Kurpiów - Grota-Roweckiego - Borowska - Peronowa - DWORZEC GŁÓWNY|DWORZEC GŁÓWNY - Ślężna - Gliniana - Borowska - Grota-Roweckiego - Kurpiów - Strachowskiego - Zwycięska - Karkonoska - KRZYKI",3,30,"2021-06-26","2999-01-01"
114,2,"114","","GALERIA DOMINIKAŃSKA - Słowackiego - Kościuszki - Krakowska - Karwińska - Mościckiego - Semaforowa - Centralna - Chińska - Mościckiego - Ziemniaczana - BIEŃKOWICE|BIEŃKOWICE - Mościckiego - Chińska - Mościckiego - Krakowska - Kościuszki - Komuny Paryskiej - Podwale - Słowackiego - GALERIA DOMINIKAŃSKA|BIEŃKOWICE - Ziemniaczana - Mościckiego - Chińska - Mościckiego - Krakowska - Kościuszki - Komuny Paryskiej - Podwale - Słowackiego - GALERIA DOMINIKAŃSKA",3,30,"2021-06-26","2999-01-01"
115,2,"115","","WOJNÓW (PĘTLA) - Strachocińska - Swojczycka - Mickiewicza - Skłodowskiej-Curie - pl. Grunwaldzki - Skłodowskiej-Curie - REJA|PL. GRUNWALDZKI - pl. Grunwaldzki - Skłodowskiej-Curie - Mickiewicza - Swojczycka - Strachocińska - WOJNÓW (PĘTLA)",3,30,"2021-06-26","2999-01-01"
116,2,"116 ","","SOŁTYSOWICE - Redycka - Sołtysowicka - Koszarowa - Kasprowicza - Boya-Żeleńskiego - Toruńska - Brücknera - Kochanowskiego - Norwida - pl. Grunwaldzki - PL. GRUNWALDZKI|PL. GRUNWALDZKI - Kochanowskiego - Toruńska - Boya-Żeleńskiego - Kasprowicza - Czajkowskiego - Sołtysowicka - Redycka - SOŁTYSOWICE|PL. GRUNWALDZKI - pl. Grunwaldzki - Kochanowskiego - Toruńska - Boya-Żeleńskiego - Kasprowicza - Czajkowskiego - Sołtysowicka - Redycka - SOŁTYSOWICE",3,30,"2021-06-26","2999-01-01"
117,11,"117","","RATYŃ - Gromadzka - Szkolna - Miodowa - Trzmielowicka - Rubczaka - Płońskiego - LEŚNICA|LEŚNICA - Rubczaka - Trzmielowicka - Miodowa - Szkolna - Gromadzka - RATYŃ",3,30,"2021-07-23","2999-01-01"
118,2,"118","","SĘPOLNO - Mickiewicza - Swojczycka - Miłoszycka - Kowalska - Krzywoustego - Brücknera - Toruńska - Boya-Żeleńskiego - Berenta - Kasprowicza - Broniewskiego - Obornicka - Bezpieczna - Łużycka - Osobowicka - Wędkarzy - RĘDZIN|RĘDZIN - Osobowicka - Łużycka - Bezpieczna - Obornicka - Broniewskiego - Kasprowicza - Berenta - Toruńska - Brücknera - Kowalska - Miłoszycka - Swojczycka - Mickiewicza - SĘPOLNO|RĘDZIN - Wędkarzy - Osobowicka - Łużycka - Bezpieczna - Obornicka - Broniewskiego - Kasprowicza - Berenta - Toruńska - Brücknera - Kowalska - Miłoszycka - Swojczycka - Mickiewicza - SĘPOLNO",3,30,"2021-06-26","2999-01-01"
119,2,"119","","BLACHARSKA - Blacharska - Lakiernicza - Ojca Beyzyma - Hallera - Ostrowskiego - Krzemieniecka - Stanisławowska - Mińska - Strzegomska - Klecińska - Na Ostatnim Groszu - Wejherowska - Popowicka - Milenijna - most Milenijny - Osobowicka - Łużycka - Bezpieczna - Obornicka - Broniewskiego - Kasprowicza - Czajkowskiego - Sołtysowicka - Redycka - SOŁTYSOWICE|SOŁTYSOWICE - Sołtysowicka - Koszarowa - Kasprowicza - Broniewskiego - Obornicka - Bezpieczna - Łużycka - Osobowicka - most Milenijny - Milenijna - Legnicka - Na Ostatnim Groszu - Estakada - Strzegomska - Mińska - Stanisławowska - Krzemieniecka - Petuniowa - Hallera - Ojca Beyzyma - Lakiernicza - Blacharska - BLACHARSKA",3,30,"2021-07-10","2999-01-01"
120,2,"120","","TRESTNO (PĘTLA) - Nadodrzańska - Opatowicka - Międzyrzecka - Na Niskich Łąkach - Kościuszki - Komuny Paryskiej - Podwale - Słowackiego - GALERIA DOMINIKAŃSKA|GALERIA DOMINIKAŃSKA - Kościuszki - Na Niskich Łąkach - Międzyrzecka - Opatowicka - Nadodrzańska - TRESTNO (PĘTLA)|GALERIA DOMINIKAŃSKA - Słowackiego - Kościuszki - Na Niskich Łąkach - Międzyrzecka - Opatowicka - Nadodrzańska - TRESTNO (PĘTLA)",3,30,"2021-07-14","2999-01-01"
121,2,"121","","KIEŁCZOWSKA (CMENTARZ) - Kiełczowska - Żmudzka - Litewska - Gorlicka - ks. Mariana Stanety - Krzywoustego - Brücknera - Kochanowskiego - pl. Grunwaldzki - Skłodowskiej-Curie - REJA|PL. GRUNWALDZKI - pl. Grunwaldzki - Kochanowskiego - Brücknera - Krzywoustego - ks. Mariana Stanety - Gorlicka - Litewska - Żmudzka - Kiełczowska - KIEŁCZOWSKA (CMENTARZ)",3,30,"2021-06-26","2999-01-01"
122,2,"122","","NOWY DWÓR (PĘTLA) - Rogowska - Strzegomska - Gubińska - Chociebuska - Hermanowska - Koszalińska - Bystrzycka - Balonowa - Horbaczewskiego - Na Ostatnim Groszu - Wejherowska - Popowicka - Starogroblowa - Długa - Poznańska - Zachodnia - Rybacka - Legnicka - Piłsudskiego - Zielińskiego - Swobodna - Sucha - DWORZEC AUTOBUSOWY|DWORZEC AUTOBUSOWY - Swobodna - Zielińskiego - Piłsudskiego - Legnicka - Zachodnia - Poznańska - Długa - Starogroblowa - Popowicka - Rysia - Legnicka - Orlińskiego - Horbaczewskiego - Balonowa - Bystrzycka - Hermanowska - Gubińska - Strzegomska - Rogowska - NOWY DWÓR (PĘTLA)",3,30,"2021-06-26","2999-01-01"
123,11,"123","","METALOWCÓW - Lotnicza - Górnicza - Pilczycka - Królewiecka - Maślicka - Główna - Marszowicka - Trzmielowicka - Rubczaka - Płońskiego - LEŚNICA|LEŚNICA - Rubczaka - Trzmielowicka - Marszowicka - Główna - Maślicka - Królewiecka - Pilczycka - Hutnicza - Lotnicza - METALOWCÓW",3,30,"2021-07-23","2999-01-01"
124,2,"124","","NOWY DWÓR (PĘTLA) - Rogowska - Strzegomska - Klecińska - Grabiszyńska - Stalowa - Grochowa - Zaporoska - Kamienna - Bardzka - Armii Krajowej - Tarnogajska - Gazowa - Opolska - Tyska - KSIĘŻE WIELKIE|KSIĘŻE WIELKIE - Opolska - Karwińska - Gazowa - Tarnogajska - Armii Krajowej - Bardzka - Kamienna - Zaporoska - Grochowa - Grabiszyńska - Klecińska - Strzegomska - Rogowska - NOWY DWÓR (PĘTLA)|KSIĘŻE WIELKIE - Tyska - Opolska - Karwińska - Gazowa - Tarnogajska - Armii Krajowej - Bardzka - Kamienna - Zaporoska - Grochowa - Grabiszyńska - Klecińska - Strzegomska - Rogowska - NOWY DWÓR (PĘTLA)",3,30,"2021-07-10","2999-01-01"
125,2,"125","","BROCHÓW - Chińska - Mościckiego - Gazowa - Tarnogajska - Armii Krajowej - Bardzka - Hubska - Sucha - Komandorska - Wielka - Krucza - Inżynierska - Hallera - Grabiszyńska - Solskiego - Aleja Piastów - Racławicka - Skarbowców - Sowia - Karkonoska - KRZYKI|KRZYKI - Sowia - Skarbowców - Racławicka - Aleja Piastów - Solskiego - Grabiszyńska - Hallera - Aleja Pracy - Inżynierska - Krucza - Wielka - Komandorska - Sucha - Hubska - Bardzka - Armii Krajowej - Tarnogajska - Gazowa - Mościckiego - Semaforowa - Centralna - Chińska - BROCHÓW",3,30,"2021-07-14","2999-01-01"
126,2,"126","","RACŁAWICKA - Racławicka - Gajowicka - Hallera - Powstańców Śl. - Zaporoska - Grabiszyńska - Klecińska - Strzegomska - Chociebuska - Hermanowska - Koszalińska - Bystrzycka - Bajana - Lotnicza - Wejherowska - Popowicka - Kozanowska - KOZANÓW|KOZANÓW - Lotnicza - Bajana - Bystrzycka - Hermanowska - Gubińska - Strzegomska - Klecińska - Grabiszyńska - Zaporoska - Powstańców Śl. - Racławicka - RACŁAWICKA|KOZANÓW - Kozanowska - Lotnicza - Bajana - Bystrzycka - Hermanowska - Gubińska - Strzegomska - Klecińska - Grabiszyńska - Zaporoska - Powstańców Śl. - Racławicka - RACŁAWICKA",3,30,"2021-06-26","2999-01-01"
127,2,"127","","ZWYCIĘSKA - Zwycięska - Ołtaszyńska - Wojszycka - Ślężna - Wiśniowa - Hallera - Gajowicka - Zaporoska - Tęczowa - Legnicka - Zachodnia - Poznańska - Długa - Starogroblowa - Popowicka - Kozanowska - Pilczycka - Maślicka - KOZIA|KOZIA - Pilczycka - Kozanowska - Wejherowska - Popowicka - Starogroblowa - Długa - Poznańska - Zachodnia - Rybacka - Legnicka - Tęczowa - Zaporoska - Gajowicka - Wiśniowa - Ślężna - Wojszycka - Ołtaszyńska - Zwycięska - ZWYCIĘSKA",3,30,"2021-06-26","2999-01-01"
128,2,"128 ","","PILCZYCE - Lotnicza - Metalowców - Bystrzycka - Balonowa - Horbaczewskiego - Na Ostatnim Groszu - Wejherowska - Popowicka - Starogroblowa - Długa - mosty Mieszczańskie - Dubois - Drobnera - Sienkiewicza - Wyszyńskiego - Krzywoustego - Bora-Komorowskiego - Okulickiego - ZAKRZÓW|ZAKRZÓW - Bora-Komorowskiego - Krzywoustego - Wyszyńskiego - Sienkiewicza - Drobnera - Dubois - Dmowskiego - Długa - Starogroblowa - Popowicka - Rysia - Legnicka - Orlińskiego - Horbaczewskiego - Balonowa - Bystrzycka - Metalowców - Lotnicza - PILCZYCE",3,30,"2021-07-14","2999-01-01"
129,2,"129","","PORT LOTNICZY - Graniczna - Brzezińskiego - Kaczorowskiego - Piołunowa - Jerzmanowska - Żernicka - Kołobrzeska - Koszalińska - Bystrzycka - Balonowa - Horbaczewskiego - Na Ostatnim Groszu - Wejherowska - Popowicka - Milenijna - most Milenijny - Osobowicka - Broniewskiego - Żmigrodzka - Poświęcka - POŚWIĘCKA (OŚRODEK ZDROWIA)|POŚWIĘCKA (OŚRODEK ZDROWIA) - Kuklińskiego - Żmigrodzka - Broniewskiego - Bałtycka - Osobowicka - most Milenijny - Milenijna - Legnicka - Orlińskiego - Horbaczewskiego - Balonowa - Bystrzycka - Hermanowska - Kołobrzeska - Żernicka - Jerzmanowska - Piołunowa - Kaczorowskiego - Brzezińskiego - Graniczna - PORT LOTNICZY|POŚWIĘCKA (OŚRODEK ZDROWIA) - Poświęcka - Kuklińskiego - Żmigrodzka - Broniewskiego - Bałtycka - Osobowicka - most Milenijny - Milenijna - Legnicka - Orlińskiego - Horbaczewskiego - Balonowa - Bystrzycka - Hermanowska - Kołobrzeska - Żernicka - Jerzmanowska - Piołunowa - Kaczorowskiego - Brzezińskiego - Graniczna - PORT LOTNICZY",3,30,"2021-06-26","2999-01-01"
130,2,"130","","OSIEDLE SOBIESKIEGO - Królewska - Bora-Komorowskiego - Krzywoustego - Boya-Żeleńskiego - Berenta - Kasprowicza - Żmigrodzka - Kamieńskiego - POLANOWICE|POLANOWICE - Żmigrodzka - Kasprowicza - Berenta - Krzywoustego - Bora-Komorowskiego - Królewska - OSIEDLE SOBIESKIEGO",3,30,"2021-06-26","2999-01-01"
131,2,"131","","LITEWSKA - Litewska - Żmudzka - Kiełczowska - Krzywoustego - Brücknera - Kochanowskiego - pl. Grunwaldzki - Skłodowskiej-Curie - REJA|PL. GRUNWALDZKI - pl. Grunwaldzki - Kochanowskiego - Brücknera - Krzywoustego - Kiełczowska - Żmudzka - Litewska - LITEWSKA",3,30,"2021-06-26","2999-01-01"
132,2,"132","","AWICENNY (POCZTA POLSKA) - Ibn Siny Awicenny - Stanisławowska - Mińska - Strzegomska - Otyńska - Fabryczna - Śrubowa - Strzegomska - Legnicka - Kazimierza Wlk. - Pomorska - pl. Powstańców Wielkopolskich - Trzebnicka - Kasprowicza - Berenta - KROMERA|KROMERA - Boya-Żeleńskiego - Berenta - Kasprowicza - Żmigrodzka - Trzebnicka - pl. Powstańców Wielkopolskich - Pomorska - Drobnera - Nowy Świat - Legnicka - Strzegomska - TAT - Fabryczna - Strzegomska - Mińska - Stanisławowska - Ibn Siny Awicenny - AWICENNY (POCZTA POLSKA)",3,30,"2021-06-26","2999-01-01"
133,2,"133","","BROCHÓW - Chińska - Centralna - Konduktorska - Buforowa - Bardzka - Armii Krajowej - Borowska - Kamienna - Powstańców Śl. - Racławicka - Skarbowców - Sowia - Krzycka - Wałbrzyska - Czekoladowa - Francuska - ROD BIELANY|ROD BIELANY - Czekoladowa - Wałbrzyska - Krzycka - Sowia - Skarbowców - Racławicka - Gajowicka - Hallera - Powstańców Śl. - Kamienna - Borowska - Armii Krajowej - Bardzka - Buforowa - Konduktorska - Centralna - Chińska - BROCHÓW",3,30,"2021-07-14","2999-01-01"
134,2,"134","","NOWY DWÓR (PĘTLA) - Rogowska - Strzegomska - Klecińska - Grabiszyńska - Stalowa - Grochowa - Zaporoska - Kamienna - Bardzka - Armii Krajowej - Krakowska - Opolska - Tyska - KSIĘŻE WIELKIE|KSIĘŻE WIELKIE - Opolska - Krakowska - Armii Krajowej - Bardzka - Kamienna - Zaporoska - Grochowa - Grabiszyńska - Klecińska - Strzegomska - Rogowska - NOWY DWÓR (PĘTLA)",3,30,"2021-07-10","2999-01-01"
136,2,"136","","TARNOGAJ - Tarnogajska - Gazowa - Świeradowska - Borowska - Armii Krajowej - Wiśniowa - Hallera - Klecińska - Na Ostatnim Groszu - Orlińskiego - Horbaczewskiego - Balonowa - Bajana - Górnicza - Gwarecka - Dokerska - Kozanowska - KOZANÓW|KOZANÓW - Dokerska - Pilczycka - Hutnicza - Bajana - Bystrzycka - Balonowa - Horbaczewskiego - Na Ostatnim Groszu - Estakada - Klecińska - Hallera - Wiśniowa - Armii Krajowej - Borowska - Świeradowska - Morwowa - Gazowa - TARNOGAJ",3,30,"2021-06-26","2999-01-01"
137,11,"137","","LAS MOKRZAŃSKI - Wińska - Dolnobrzeska - Trzmielowicka - Rubczaka - Płońskiego - LEŚNICA|LEŚNICA - Rubczaka - Trzmielowicka - Dolnobrzeska - Wińska - LAS MOKRZAŃSKI",3,30,"2021-07-23","2999-01-01"
138,11,"138","","ŻAR - Średzka - Trzmielowicka - Rubczaka - Płońskiego - LEŚNICA|LEŚNICA - Rubczaka - Trzmielowicka - Średzka - ŻAR",3,30,"2021-07-23","2999-01-01"
140,2,"140","","ŚLAZOWA - Ślazowa - Lipska - Osobowicka - most Milenijny - Milenijna - Legnicka - KWISKA|KWISKA - Milenijna - most Milenijny - Osobowicka - Lipska - Ślazowa - ŚLAZOWA",3,30,"2021-06-26","2999-01-01"
141,2,"141","","OSIEDLE SOBIESKIEGO - Królewska - Bora-Komorowskiego - Krzywoustego - Brücknera - Kochanowskiego - pl. Grunwaldzki - Skłodowskiej-Curie - REJA|PL. GRUNWALDZKI - pl. Grunwaldzki - Kochanowskiego - Brücknera - Krzywoustego - Bora-Komorowskiego - Królewska - OSIEDLE SOBIESKIEGO",3,30,"2021-06-26","2999-01-01"
142,2,"142","","NOWY DWÓR (PĘTLA) - Rogowska - Strzegomska - Otyńska - Fabryczna - Śrubowa - Strzegomska - Legnicka - Kazimierza Wlk. - Pomorska - Reymonta - Osobowicka - Łużycka - Bezpieczna - Obornicka - Broniewskiego - Żmigrodzka - KARŁOWICE|KARŁOWICE - Broniewskiego - Obornicka - Bezpieczna - Łużycka - Osobowicka - Reymonta - Pomorska - Drobnera - Nowy Świat - Legnicka - Strzegomska - TAT - Fabryczna - Strzegomska - Rogowska - NOWY DWÓR (PĘTLA)",3,30,"2021-06-26","2999-01-01"
143,2,"143","","KMINKOWA - Kminkowa - Cynamonowa - Pełczyńska - Obornicka - Nowaka-Jeziorańskiego - most Milenijny - Milenijna - Legnicka - Na Ostatnim Groszu - Estakada - Klecińska - Grabiszyńska - OPORÓW|OPORÓW - Klecińska - Na Ostatnim Groszu - Wejherowska - Popowicka - Milenijna - most Milenijny - Obornicka - Pełczyńska - Cynamonowa - Kminkowa - KMINKOWA",3,30,"2021-06-26","2999-01-01"
144,2,"144","","ZWYCIĘSKA - Zwycięska - Ołtaszyńska - Wojszycka - Sudecka - Wiśniowa - Hallera - Gajowicka - Szczęśliwa - Zielińskiego - Piłsudskiego - Podwale - mosty Mieszczańskie - Dubois - Drobnera - Chrobrego - pl. Powstańców Wielkopolskich - Trzebnicka - Żmigrodzka - Kamieńskiego - POLANOWICE|POLANOWICE - Żmigrodzka - Trzebnicka - pl. Powstańców Wielkopolskich - Chrobrego - Drobnera - Nowy Świat - Podwale - Piłsudskiego - Zielińskiego - Gajowicka - Wiśniowa - Sudecka - Wojszycka - Ołtaszyńska - Zwycięska - ZWYCIĘSKA",3,30,"2021-06-26","2999-01-01"
145,2,"145","","SĘPOLNO - Mickiewicza - Monte Cassino - Dembowskiego - Wróblewskiego - Wajdy - Skłodowskiej-Curie - pl. Grunwaldzki - Oławska - Dworcowa - Peronowa - Ślężna - Gliniana - Borowska - Świeradowska - Bardzka - Buforowa - Strzelińska - IWINY - RONDO|IWINY - RONDO - Buforowa - Bardzka - Świeradowska - Borowska - Peronowa - Kościuszki - Krasińskiego - pl. Powstańców Warszawy - pl. Grunwaldzki - Skłodowskiej-Curie - Wróblewskiego - Dembowskiego - Monte Cassino - Mickiewicza - SĘPOLNO|IWINY - RONDO - Strzelińska - Buforowa - Bardzka - Świeradowska - Borowska - Peronowa - Kościuszki - Krasińskiego - pl. Powstańców Warszawy - pl. Grunwaldzki - Skłodowskiej-Curie - Wróblewskiego - Dembowskiego - Monte Cassino - Mickiewicza - SĘPOLNO",3,30,"2021-06-26","2999-01-01"
146,2,"146","","BARTOSZOWICE - Bacciarellego - Dembowskiego - Wróblewskiego - Wajdy - Skłodowskiej-Curie - pl. Grunwaldzki - Oławska - Dworcowa - Peronowa - Ślężna - Gliniana - Borowska - Armii Krajowej - Bardzka - Świeradowska - GAJ - PĘTLA|GAJ - PĘTLA - Bardzka - Armii Krajowej - Borowska - Peronowa - Kościuszki - Krasińskiego - pl. Powstańców Warszawy - pl. Grunwaldzki - Skłodowskiej-Curie - Wróblewskiego - Dembowskiego - Bacciarellego - BARTOSZOWICE",3,30,"2021-06-26","2999-01-01"
147,2,"147","","KŁOKOCZYCE - Kłokoczycka - Zakrzowska - Krzywoustego - Gorlicka - ks. Mariana Stanety - MULICKA|MULICKA - Bora-Komorowskiego - Zakrzowska - Kłokoczycka - KŁOKOCZYCE",3,30,"2021-06-26","2999-01-01"
148,2,"148","","LEŚNICA - Płońskiego - Trzmielowicka - Średzka - Kosmonautów - Złotnicka - Małopolska - Halicka - Żernicka - Zemska - Rogowska - Gubińska - Strzegomska - Otyńska - Fabryczna - Śrubowa - Strzegomska - Legnicka - Kazimierza Wlk. - Oławska - Dworcowa - DWORZEC GŁÓWNY (DWORCOWA)|DWORZEC GŁÓWNY (DWORCOWA) - Podwale - Kazimierza Wlk. - Legnicka - Strzegomska - TAT - Fabryczna - Strzegomska - Chociebuska - Rogowska - Żernicka - Małopolska - Wielkopolska - Złotnicka - Kosmonautów - Płońskiego - LEŚNICA|DWORZEC GŁÓWNY (DWORCOWA) - Dworcowa - Podwale - Kazimierza Wlk. - Legnicka - Strzegomska - TAT - Fabryczna - Strzegomska - Chociebuska - Rogowska - Żernicka - Małopolska - Wielkopolska - Złotnicka - Kosmonautów - Płońskiego - LEŚNICA",3,30,"2021-07-10","2999-01-01"
149,2,"149","","KUŹNIKI - Kołobrzeska - Hermanowska - Kołobrzeska - Zemska - Rogowska - Strzegomska - Otyńska - Fabryczna - Śrubowa - Strzegomska - Legnicka - Kazimierza Wlk. - Oławska - pl. Powstańców Warszawy - pl. Grunwaldzki - PL. GRUNWALDZKI|PL. GRUNWALDZKI - Oławska - Kazimierza Wlk. - Legnicka - Strzegomska - TAT - Fabryczna - Strzegomska - Rogowska - Żernicka - Kołobrzeska - KUŹNIKI",3,30,"2021-06-26","2999-01-01"
150,2,"150","","LITEWSKA - Litewska - Żmudzka - Kiełczowska - Gorlicka - ks. Mariana Stanety - Bierutowska - Królewska - OSIEDLE SOBIESKIEGO|OSIEDLE SOBIESKIEGO - Dobroszycka - Bierutowska - ks. Mariana Stanety - Gorlicka - Litewska - Kiełczowska - Żmudzka - Litewska - LITEWSKA",3,30,"2021-06-26","2999-01-01"
151,2,"151 ","","PAWŁOWICE (WIDAWSKA) - Widawska - Pawłowicka - Przedwiośnie - Starodębowa - Azaliowa - Bora-Komorowskiego - Krzywoustego - Brücknera - Kochanowskiego - pl. Grunwaldzki - Skłodowskiej-Curie - REJA|PL. GRUNWALDZKI - pl. Grunwaldzki - Kochanowskiego - Brücknera - Krzywoustego - Bora-Komorowskiego - Przedwiośnie - Starodębowa - Pawłowicka - Widawska - PAWŁOWICE (WIDAWSKA)",3,30,"2021-06-26","2999-01-01"
206,2,"206","","PORT LOTNICZY - Graniczna - Strzegomska - Otyńska - Fabryczna - TAT - Podwale - Kołłątaja - Peronowa - Sucha - DWORZEC AUTOBUSOWY|DWORZEC AUTOBUSOWY - Peronowa - Świdnicka - Podwale - TAT - Fabryczna - Strzegomska - Graniczna - PORT LOTNICZY",3,40,"2021-07-10","2999-01-01"
240,2,"240","","DWORZEC AUTOBUSOWY - Sucha - Swobodna - Świdnicka - Piłsudskiego - Podwale - mosty Mieszczańskie - Dubois - Drobnera - Chrobrego - pl. Powstańców Wielkopolskich - Słowiańska - Jedności Narodowej - Nowowiejska - Piastowska - pl. Grunwaldzki - pl. Powstańców Warszawy - Pułaskiego - Peronowa - Sucha - DWORZEC AUTOBUSOWY",3,40,"2021-06-26","2999-01-01"
241,2,"241","","NOWY DWÓR (PĘTLA) - Rogowska - Gubińska - Strzegomska - Mińska - Stanisławowska - Krzemieniecka - Petuniowa - Hallera - Aleja Pracy - Inżynierska - Krucza - Gajowicka - Szczęśliwa - Zielińskiego - Swobodna - Sucha - Gliniana - Petrusewicza - Borowska - Peronowa - Kołłątaja - Oławska - pl. Powstańców Warszawy - pl. Grunwaldzki - Kochanowskiego - Brücknera - Krzywoustego - Bora-Komorowskiego - Królewska - Przedwiośnie - Starodębowa - Pawłowicka - Widawska - PAWŁOWICE (WIDAWSKA)|PAWŁOWICE (WIDAWSKA) - Pawłowicka - Azaliowa - Okulickiego - Bora-Komorowskiego - Królewska - Bora-Komorowskiego - Krzywoustego - Brücknera - Kochanowskiego - pl. Grunwaldzki - Oławska - Piotra Skargi - Kołłątaja - Peronowa - Ślężna - Gliniana - Petrusewicza - Sucha - Swobodna - Zielińskiego - Gajowicka - Krucza - Inżynierska - Hallera - Ostrowskiego - Krzemieniecka - Stanisławowska - Mińska - Strzegomska - Gubińska - Chociebuska - Rogowska - NOWY DWÓR (PĘTLA)",3,40,"2021-06-26","2999-01-01"
242,2,"242","","KOWALE - Kwidzyńska - Działdowska - Kowalska - Krzywoustego - Jedności Narodowej - Poniatowskiego - Św. Jadwigi - Piaskowa - Piotra Skargi - Kołłątaja - Peronowa - Ślężna - Gliniana - Petrusewicza - PETRUSEWICZA|PETRUSEWICZA - Borowska - Peronowa - Kołłątaja - Św. Katarzyny - Piaskowa - Bema - Poniatowskiego - Jedności Narodowej - Wyszyńskiego - Krzywoustego - Kowalska - Działdowska - Kwidzyńska - KOWALE",3,40,"2021-06-26","2999-01-01"
243,2,"243","","KSIĘŻE WIELKIE - Tyska - Opolska - Krakowska - Traugutta - Pułaskiego - Piotra Skargi - Kołłątaja - Peronowa - Ślężna - Gliniana - Petrusewicza - Sucha - Swobodna - Świdnicka - Kazimierza Wlk. - Legnicka - Orlińskiego - Horbaczewskiego - Balonowa - Bajana - Lotnicza - Kosmonautów - Fieldorfa - Wojanowska - Jeleniogórska - Średzka - Trzmielowicka - Płońskiego - LEŚNICA|LEŚNICA - Jeleniogórska - Wojanowska - Fieldorfa - Kosmonautów - Lotnicza - Bajana - Bystrzycka - Balonowa - Horbaczewskiego - Na Ostatnim Groszu - Legnicka - Kazimierza Wlk. - Krupnicza - Podwale - Świdnicka - Swobodna - Sucha - Gliniana - Petrusewicza - Borowska - Peronowa - Kołłątaja - Oławska - Traugutta - Krakowska - Opolska - Tyska - KSIĘŻE WIELKIE",3,40,"2021-06-26","2999-01-01"
245,2,"245","","PRACZE ODRZAŃSKIE - Brodzka - Stabłowicka - Główna - Maślicka - Pilczycka - Gwarecka - Dokerska - Kozanowska - Wejherowska - Popowicka - Starogroblowa - Długa - Poznańska - Zachodnia - Rybacka - Legnicka - Kazimierza Wlk. - Piotra Skargi - Kołłątaja - Peronowa - Ślężna - Gliniana - Borowska - Petrusewicza - Gliniana - Hubska - Bardzka - Armii Krajowej - Tarnogajska - Gazowa - Mościckiego - Semaforowa - Centralna - Chińska - Mościckiego - Ziemniaczana - BIEŃKOWICE|BIEŃKOWICE - Mościckiego - Chińska - Mościckiego - Gazowa - Tarnogajska - Armii Krajowej - Bardzka - Hubska - Gliniana - Petrusewicza - Borowska - Peronowa - Kołłątaja - Kazimierza Wlk. - Legnicka - Zachodnia - Poznańska - Długa - Starogroblowa - Popowicka - Kozanowska - Dokerska - Pilczycka - Maślicka - Główna - Stabłowicka - Brodzka - PRACZE ODRZAŃSKIE",3,40,"2021-06-26","2999-01-01"
246,2,"246","","KOZANÓW - Kozanowska - Dokerska - Pilczycka - Hutnicza - Bajana - Bystrzycka - Hermanowska - Gubińska - Strzegomska - Klecińska - Grabiszyńska - Piłsudskiego - Świdnicka - Swobodna - Sucha - Gliniana - Petrusewicza - Borowska - Peronowa - Kołłątaja - Oławska - pl. Powstańców Warszawy - Wyszyńskiego - Boya-Żeleńskiego - Berenta - Kasprowicza - Broniewskiego - Obornicka - Pełczyńska - Cynamonowa - Kminkowa - Cynamonowa - Pełczyńska - Zajączkowska - Pęgowska - ŚWINIARY|ŚWINIARY - Zajączkowska - Pełczyńska - Cynamonowa - Kminkowa - Cynamonowa - Pełczyńska - Obornicka - Broniewskiego - Kasprowicza - Berenta - Wyszyńskiego - pl. Powstańców Warszawy - Oławska - Piotra Skargi - Kołłątaja - Peronowa - Ślężna - Gliniana - Petrusewicza - Sucha - Swobodna - Świdnicka - Grabiszyńska - Klecińska - Strzegomska - Chociebuska - Hermanowska - Koszalińska - Bystrzycka - Bajana - Lotnicza - Górnicza - Gwarecka - Dokerska - Kozanowska - KOZANÓW|ŚWINIARY - Pęgowska - Zajączkowska - Pełczyńska - Cynamonowa - Kminkowa - Cynamonowa - Pełczyńska - Obornicka - Broniewskiego - Kasprowicza - Berenta - Wyszyńskiego - pl. Powstańców Warszawy - Oławska - Piotra Skargi - Kołłątaja - Peronowa - Ślężna - Gliniana - Petrusewicza - Sucha - Swobodna - Świdnicka - Grabiszyńska - Klecińska - Strzegomska - Chociebuska - Hermanowska - Koszalińska - Bystrzycka - Bajana - Lotnicza - Górnicza - Gwarecka - Dokerska - Kozanowska - KOZANÓW",3,40,"2021-07-10","2999-01-01"
247,2,"247","","GIEŁDOWA (CENTRUM HURTU) - Giełdowa - Karmelkowa - Wałbrzyska - Przyjaźni - Karkonoska - Powstańców Śl. - Swobodna - Sucha - Gliniana - Petrusewicza - Borowska - Peronowa - Świdnicka - Kazimierza Wlk. - Drobnera - Chrobrego - pl. Powstańców Wielkopolskich - Trzebnicka - Żmigrodzka - Kamieńskiego - POLANOWICE|POLANOWICE - Żmigrodzka - Trzebnicka - pl. Powstańców Wielkopolskich - Chrobrego - Drobnera - Grodzka - Nowy Świat - Kazimierza Wlk. - Krupnicza - Podwale - Kołłątaja - Peronowa - Ślężna - Gliniana - Petrusewicza - Sucha - Swobodna - Powstańców Śl. - Karkonoska - Letnia - Krzycka - Wałbrzyska - Karmelkowa - Giełdowa - GIEŁDOWA (CENTRUM HURTU)",3,40,"2021-06-26","2999-01-01"
248,2,"248","","RACŁAWICKA - Racławicka - Skarbowców - Sowia - Powstańców Śl. - Swobodna - Sucha - Gliniana - Petrusewicza - Borowska - Peronowa - Świdnicka - Kazimierza Wlk. - Drobnera - Chrobrego - pl. Powstańców Wielkopolskich - Trzebnicka - Żmigrodzka - Poświęcka - POŚWIĘCKA (OŚRODEK ZDROWIA)|POŚWIĘCKA (OŚRODEK ZDROWIA) - Kuklińskiego - Żmigrodzka - Trzebnicka - pl. Powstańców Wielkopolskich - Chrobrego - Drobnera - Grodzka - Nowy Świat - Kazimierza Wlk. - Krupnicza - Podwale - Kołłątaja - Peronowa - Ślężna - Gliniana - Petrusewicza - Sucha - Swobodna - Powstańców Śl. - Krzycka - Sowia - Skarbowców - Racławicka - RACŁAWICKA",3,40,"2021-06-26","2999-01-01"
249,2,"249","","JARNOŁTÓW - Jarnołtowska - Jerzmanowska - Żernicka - Zemska - Rogowska - Strzegomska - Otyńska - Fabryczna - TAT - Podwale - Kołłątaja - Peronowa - Ślężna - Gliniana - Petrusewicza - Borowska - Grota-Roweckiego - Kurpiów - Strachowskiego - Zwycięska - Karkonoska - Wyścigowa - Waligórskiego - Karkonoska - KRZYKI|KRZYKI - Waligórskiego - Wyścigowa - Zwycięska - Strachowskiego - Kurpiów - Grota-Roweckiego - Borowska - Petrusewicza - Borowska - Peronowa - Świdnicka - Podwale - TAT - Fabryczna - Strzegomska - Rogowska - Żernicka - Jerzmanowska - Jarnołtowska - JARNOŁTÓW",3,40,"2021-07-10","2999-01-01"
250,2,"250","","DWORZEC GŁÓWNY - Peronowa - Pułaskiego - pl. Powstańców Warszawy - Piastowska - Nowowiejska - Jedności Narodowej - Słowiańska - pl. Powstańców Wielkopolskich - Chrobrego - Dubois - Mostowa - Podwale - Piłsudskiego - Świdnicka - Swobodna - Peronowa - DWORZEC GŁÓWNY",3,40,"2021-06-26","2999-01-01"
251,2,"251","","KRZYKI - Karkonoska - Sowia - Skarbowców - Racławicka - Aleja Piastów - Solskiego - Grabiszyńska - Piłsudskiego - Świdnicka - Swobodna - Sucha - Gliniana - Petrusewicza - Borowska - Peronowa - Kołłątaja - Św. Katarzyny - Piaskowa - Bema - Poniatowskiego - Jedności Narodowej - Wyszyńskiego - Krzywoustego - ks. Mariana Stanety - Gorlicka - Litewska - Kiełczowska - Żmudzka - Litewska - LITEWSKA|LITEWSKA - Żmudzka - Kiełczowska - Gorlicka - ks. Mariana Stanety - Krzywoustego - Jedności Narodowej - Poniatowskiego - Św. Jadwigi - Piaskowa - Piotra Skargi - Kołłątaja - Peronowa - Ślężna - Gliniana - Borowska - Petrusewicza - Sucha - Swobodna - Świdnicka - Grabiszyńska - Solskiego - Aleja Piastów - Racławicka - Skarbowców - Sowia - Karkonoska - KRZYKI",3,40,"2021-06-26","2999-01-01"
253,2,"253","","LEŚNICA - Płońskiego - Kosmonautów - Złotnicka - Małopolska - Kamiennogórska - Kosmonautów - Lotnicza - Legnicka - Kazimierza Wlk. - Krupnicza - Podwale - Świdnicka - Swobodna - Sucha - Gliniana - Borowska - Petrusewicza - Borowska - Peronowa - Kołłątaja - Oławska - pl. Powstańców Warszawy - Szczytnicka - pl. Grunwaldzki - Skłodowskiej-Curie - Wróblewskiego - Olszewskiego - Bacciarellego - Monte Cassino - Mickiewicza - SĘPOLNO|SĘPOLNO - Monte Cassino - Bacciarellego - Olszewskiego - Wróblewskiego - Wajdy - Skłodowskiej-Curie - pl. Grunwaldzki - Skłodowskiej-Curie - Wyszyńskiego - pl. Powstańców Warszawy - Oławska - Piotra Skargi - Kołłątaja - Peronowa - Ślężna - Gliniana - Borowska - Petrusewicza - Sucha - Swobodna - Świdnicka - Kazimierza Wlk. - Legnicka - Lotnicza - Kosmonautów - Kamiennogórska - Małopolska - Wielkopolska - Złotnicka - Kosmonautów - Średzka - Trzmielowicka - Płońskiego - LEŚNICA",3,40,"2021-06-26","2999-01-01"
255,2,"255","","IWINY - RONDO - Strzelińska - Buforowa - Bardzka - Świeradowska - Borowska - Ślężna - Petrusewicza - Borowska - Peronowa - Kołłątaja - Oławska - pl. Powstańców Warszawy - Szczytnicka - pl. Grunwaldzki - Skłodowskiej-Curie - Wróblewskiego - Olszewskiego - Spółdzielcza - Monte Cassino - Mickiewicza - SĘPOLNO|SĘPOLNO - Monte Cassino - Spółdzielcza - Olszewskiego - Wróblewskiego - Wajdy - Skłodowskiej-Curie - pl. Grunwaldzki - Skłodowskiej-Curie - Wyszyńskiego - pl. Powstańców Warszawy - Oławska - Piotra Skargi - Kołłątaja - Peronowa - Ślężna - Gliniana - Petrusewicza - Borowska - Świeradowska - Bardzka - Buforowa - Strzelińska - IWINY - RONDO",3,40,"2021-06-26","2999-01-01"
257,2,"257","","OPORÓW - Grabiszyńska - Hallera - Powstańców Śl. - Swobodna - Sucha - Gliniana - Petrusewicza - Borowska - Peronowa - Świdnicka - Kazimierza Wlk. - Pomorska - Reymonta - Obornicka - Bezpieczna - Łużycka - Osobowicka - Wędkarzy - RĘDZIN|RĘDZIN - Osobowicka - Łużycka - Bezpieczna - Obornicka - Bałtycka - Reymonta - Pomorska - Drobnera - Grodzka - Nowy Świat - Kazimierza Wlk. - Krupnicza - Podwale - Kołłątaja - Peronowa - Ślężna - Gliniana - Petrusewicza - Sucha - Swobodna - Powstańców Śl. - Hallera - Grabiszyńska - OPORÓW",3,40,"2021-06-26","2999-01-01"
259,2,"259","","WOJNÓW (PĘTLA) - Strachocińska - Swojczycka - Mickiewicza - Paderewskiego - Moniuszki - Kochanowskiego - Piastowska - Sienkiewicza - Św. Jadwigi - Piaskowa - Piotra Skargi - Kołłątaja - Peronowa - Ślężna - Gliniana - Borowska - Petrusewicza - Ślężna - Wojszycka - Ołtaszyńska - Zwycięska - ZWYCIĘSKA|ZWYCIĘSKA - Ołtaszyńska - Wojszycka - Ślężna - Petrusewicza - Borowska - Peronowa - Kołłątaja - Św. Katarzyny - Piaskowa - Sienkiewicza - pl. Grunwaldzki - Kochanowskiego - Moniuszki - Paderewskiego - Mickiewicza - Swojczycka - Strachocińska - WOJNÓW (PĘTLA)",3,40,"2021-06-26","2999-01-01"
315,2,"315","","SWOJCZYCE - Swojczycka - Mickiewicza - Monte Cassino - Dembowskiego - Wróblewskiego - Wajdy - Skłodowskiej-Curie - pl. Grunwaldzki - Skłodowskiej-Curie - REJA|PL. GRUNWALDZKI - pl. Grunwaldzki - Skłodowskiej-Curie - Wróblewskiego - Dembowskiego - Monte Cassino - Mickiewicza - Swojczycka - Miłoszycka - Swojczycka - SWOJCZYCE",3,30,"2021-07-10","2999-01-01"
319,2,"319","","TYNIECKA (PĘTLA) - Wiejska - Solskiego - Grabiszyńska - Ostrowskiego - Krzemieniecka - Stanisławowska - Mińska - Strzegomska - Klecińska - Na Ostatnim Groszu - Wejherowska - Popowicka - Milenijna - most Milenijny - Osobowicka - Łużycka - Bezpieczna - Obornicka - Bałtycka - Kamieńskiego - KAMIEŃSKIEGO (PĘTLA)|KAMIEŃSKIEGO (PĘTLA) - Bałtycka - Obornicka - Bezpieczna - Łużycka - Osobowicka - most Milenijny - Milenijna - Legnicka - Na Ostatnim Groszu - Estakada - Strzegomska - Mińska - Stanisławowska - Krzemieniecka - Ostrowskiego - Grabiszyńska - Solskiego - Mokronoska - Tyniecka - Kwiatkowskiego - TYNIECKA (PĘTLA)",3,30,"2021-07-10","2999-01-01"
325,2,"325","","BROCHÓW - Chińska - Mościckiego - Gazowa - Tarnogajska - Armii Krajowej - Bardzka - Hubska - Sucha - Komandorska - Wielka - Krucza - Inżynierska - Hallera - Grabiszyńska - Solskiego - Ibn Siny Awicenny - AWICENNY (POCZTA POLSKA)|AWICENNY (POCZTA POLSKA) - Wiejska - Solskiego - Grabiszyńska - Hallera - Aleja Pracy - Inżynierska - Krucza - Wielka - Komandorska - Sucha - Hubska - Bardzka - Armii Krajowej - Tarnogajska - Gazowa - Mościckiego - Semaforowa - Centralna - Chińska - BROCHÓW",3,30,"2021-06-26","2999-01-01"
602,2,"602","","BISKUPICE PODGÓRNE LG ENERGY SOLUTION WROCŁAW I - LG - Seulska - Współpracy - Koreańska - Karkonoska - Powstańców Śl. - Peronowa - Stawowa - DWORZEC GŁÓWNY (STAWOWA)|DWORZEC GŁÓWNY (STAWOWA) - Powstańców Śl. - Karkonoska - Koreańska - LG - Seulska - Współpracy - LG - BISKUPICE PODGÓRNE LG ENERGY SOLUTION WROCŁAW I",3,34,"2021-07-10","2999-01-01"
607,2,"607","","KWISKA - Legnicka - Klecińska - Grabiszyńska - Solskiego - Mokronoska - Parkowa - Wrocławska - Fabryczna - LG - Seulska - Współpracy - Koreańska - LG - BISKUPICE PODGÓRNE LG ENERGY SOLUTION WROCŁAW I",3,34,"2021-06-26","2999-01-01"
609,2,"609","","JARNOŁTÓW - Jarnołtowska - Jerzmanowska - Żernicka - Zemska - Rogowska - Gubińska - Strzegomska - Otyńska - Fabryczna - Śrubowa - Strzegomska - Poznańska - Zachodnia - Rybacka - PL. SOLIDARNOŚCI|PL. SOLIDARNOŚCI - Legnicka - Strzegomska - TAT - Fabryczna - Strzegomska - Chociebuska - Rogowska - Żernicka - Jerzmanowska - Jarnołtowska - JARNOŁTÓW",3,34,"2021-07-10","2999-01-01"
612,2,"612","","KRZYKI - Karkonoska - Wrocławska - Kolejowa - Przystankowa - Pszenna - Chabrowa - Kutrzeby - Parafialna - Grota-Roweckiego - Borowska - Peronowa - DWORZEC GŁÓWNY|DWORZEC GŁÓWNY - Ślężna - Gliniana - Borowska - Grota-Roweckiego - Parafialna - Kutrzeby - Chabrowa - Pszenna - Przystankowa - Kolejowa - Wrocławska - Karkonoska - KRZYKI",3,34,"2021-06-26","2999-01-01"
722,11,"722","","ALEJA ARCHITEKTÓW - Kosmonautów - Aleja Architektów - Brzozy - Konińska - Kosmonautów - ALEJA ARCHITEKTÓW",3,32,"2021-07-23","2999-01-01"
731,2,"731","","STADION WROCŁAW (KRÓLEWIECKA) - Królewiecka - Pilczycka - Gwarecka - Dokerska - Kozanowska - Wejherowska - KWISKA|KWISKA - Popowicka - Kozanowska - Dokerska - Pilczycka - Królewiecka - STADION WROCŁAW (KRÓLEWIECKA)",3,32,"2021-07-17","2999-01-01"
744,2,"744","","WOJSZYCKA - Wojszycka - Pułtuska - Waligórskiego - Karkonoska - KRZYKI|KRZYKI - Waligórskiego - Wojszycka - WOJSZYCKA",3,32,"2021-06-26","2999-01-01"
904,10,"904","","ŁOZINA - SKRZY. - Wrocławska - Trzebnicka - Parkowa - Wrocławska - Bierutowska - Krzywoustego - Wyszyńskiego - Słowackiego - GALERIA DOMINIKAŃSKA|GALERIA DOMINIKAŃSKA - Wyszyńskiego - Krzywoustego - Bierutowska - Wrocławska - Parkowa - Trzebnicka - Wrocławska - ŁOZINA - SKRZY.",3,39,"2021-06-26","2999-01-01"
908,5,"908","","PSARY - WOLNOŚCI - Główna - Sułowska - Żmigrodzka - Sułowska - Żmigrodzka - Trzebnicka - pl. Powstańców Wielkopolskich - DWORZEC NADODRZE|DWORZEC NADODRZE - Trzebnicka - Żmigrodzka - Sułowska - Żmigrodzka - Sułowska - Główna - PSARY - WOLNOŚCI",3,39,"2021-06-26","2999-01-01"
911,10,"911","","BIELAWA - Wrocławska - Wilczycka - Wrocławska - Szewczenki - Gorlicka - ks. Mariana Stanety - Krzywoustego - Brücknera - Kochanowskiego - pl. Grunwaldzki - PL. GRUNWALDZKI|PL. GRUNWALDZKI - Kochanowskiego - Brücknera - Krzywoustego - ks. Mariana Stanety - Gorlicka - Szewczenki - Wrocławska - Wilczycka - Wrocławska - BIELAWA",3,39,"2021-06-26","2999-01-01"
914,10,"914","","PRUSZOWICE - Parkowa - Stawowa - Wrocławska - Trzebnicka - Parkowa - Wrocławska - Bierutowska - Krzywoustego - Wyszyńskiego - Słowackiego - GALERIA DOMINIKAŃSKA|GALERIA DOMINIKAŃSKA - Wyszyńskiego - Krzywoustego - Bierutowska - Wrocławska - Parkowa - Trzebnicka - Wrocławska - Stawowa - Parkowa - PRUSZOWICE",3,39,"2021-06-26","2999-01-01"
917,11,"917","","GAŁÓW (PĘTLA) - Słoneczna - Wrocławska - Gromadzka - Szkolna - Miodowa - Trzmielowicka - Rubczaka - Płońskiego - LEŚNICA|LEŚNICA - Rubczaka - Trzmielowicka - Miodowa - Szkolna - Gromadzka - Wrocławska - Słoneczna - GAŁÓW (PĘTLA)",3,39,"2021-07-23","2999-01-01"
921,10,"921","","RAKÓW - SKRZY. - Wrocławska - Wilczycka - Wrocławska - Szewczenki - Gorlicka - ks. Mariana Stanety - Krzywoustego - Brücknera - Kochanowskiego - pl. Grunwaldzki - PL. GRUNWALDZKI|PL. GRUNWALDZKI - Kochanowskiego - Brücknera - Krzywoustego - ks. Mariana Stanety - Gorlicka - Szewczenki - Wrocławska - Wilczycka - Wrocławska - RAKÓW - SKRZY.",3,39,"2021-06-26","2999-01-01"
923,11,"923","","BRZEZINA (PĘTLA) - Kopernika - Główna - Kolejowa - Wrocławska - Główna - Wilkszyńska - Stabłowicka - Jeleniogórska - Płońskiego - LEŚNICA|LEŚNICA - Jeleniogórska - Główna - Wilkszyńska - Główna - Wrocławska - Kolejowa - Główna - Kopernika - BRZEZINA (PĘTLA)",3,39,"2021-07-23","2999-01-01"
924,10,"924","","STĘPIN - KOŚCIÓŁ - Bursztynowa - Wiejska - Broniewskiego - Wrocławska - Bierutowska - Krzywoustego - Wyszyńskiego - Słowackiego - GALERIA DOMINIKAŃSKA|GALERIA DOMINIKAŃSKA - Wyszyńskiego - Krzywoustego - Bierutowska - Wrocławska - Broniewskiego - Wschodnia - Bursztynowa - STĘPIN - KOŚCIÓŁ",3,39,"2021-06-26","2999-01-01"
930,5,"930","","KRZYŻANOWICE - Główna - Kamieńskiego - Żmigrodzka - Kasprowicza - Boya-Żeleńskiego - KROMERA|KROMERA - Kasprowicza - Żmigrodzka - Kamieńskiego - Główna - KRZYŻANOWICE",3,39,"2021-06-26","2999-01-01"
931,10,"931","","KIEŁCZÓWEK - PĘTLA - Topolowa - Wilczycka - Wrocławska - Kiełczowska - Krzywoustego - ks. Mariana Stanety - MULICKA|MULICKA - Kiełczowska - Wrocławska - Wilczycka - Topolowa - KIEŁCZÓWEK - PĘTLA",3,39,"2021-06-26","2999-01-01"
934,10,"934","","JAKSONOWICE - SKRZY. - Milicka - Wrocławska - Trzebnicka - Stawowa - Parkowa - Stawowa - Okulickiego - Bora-Komorowskiego - Krzywoustego - ks. Mariana Stanety - MULICKA|MULICKA - Bora-Komorowskiego - Okulickiego - Stawowa - Parkowa - Stawowa - Trzebnicka - Wrocławska - Milicka - JAKSONOWICE - SKRZY.",3,39,"2021-06-26","2999-01-01"
936,10,"936","","GODZIESZOWA - TRANSFORMATOR - Wrocławska - Nowego Osiedla - Wrocławska - Pawłowicka - Azaliowa - Bora-Komorowskiego - Bierutowska - Wrocławska - Kiełczowska - MIRKÓW - SKRZY. POLNA|MIRKÓW - SKRZY. POLNA - Wrocławska - Bierutowska - Bora-Komorowskiego - Przedwiośnie - Starodębowa - Pawłowicka - Wrocławska - Nowego Osiedla - Wrocławska - GODZIESZOWA - TRANSFORMATOR",3,39,"2021-06-26","2999-01-01"
937,11,"937","","BRZEZINKA ŚREDZKA - PKP - Kolejowa - Główna - Kopernika - Chrobrego - Wińska - Dolnobrzeska - Trzmielowicka - Rubczaka - Płońskiego - LEŚNICA|LEŚNICA - Rubczaka - Trzmielowicka - Dolnobrzeska - Wińska - Chrobrego - Kopernika - Główna - Parkowa - Kolejowa - BRZEZINKA ŚREDZKA - PKP",3,39,"2021-07-23","2999-01-01"
938,11,"938","","LEŚNICA - Płońskiego - Rubczaka - Trzmielowicka - Średzka - Innowacyjna - Kościelna - LUTYNIA CENTRUM|LUTYNIA CENTRUM - Innowacyjna - Średzka - Trzmielowicka - Rubczaka - Płońskiego - LEŚNICA|LUTYNIA CENTRUM - Kościelna - Innowacyjna - Średzka - Trzmielowicka - Rubczaka - Płońskiego - LEŚNICA",3,39,"2021-07-23","2999-01-01"
941,10,"941","","SZCZODRE - PĘTLA - Trzebnicka - Parkowa - Broniewskiego - Wschodnia - Bursztynowa - Wrocławska - Wilczycka - KIEŁCZÓW - PĘTLA (PLAC JANA GDAKA)|KIEŁCZÓW - PĘTLA/WROCŁAWSKA - Wrocławska - Bursztynowa - Wiejska - Broniewskiego - Parkowa - Trzebnicka - SZCZODRE - PĘTLA",3,39,"2021-06-26","2999-01-01"
948,11,"948","","MIĘKINIA - PĘTLA - Sportowa - Kościuszki - Lipowa - Średzka - Trzmielowicka - Rubczaka - Płońskiego - LEŚNICA|LEŚNICA - Rubczaka - Trzmielowicka - Średzka - Lipowa - Kościuszki - Sportowa - MIĘKINIA - PĘTLA",3,39,"2021-07-23","2999-01-01"
958,11,"958","","KSIĘGINICE P&R - Kolejowa - Sportowa - Wrocławska - Średzka - Kościuszki - Piastowska - Chrobrego - Wrocławska - Średzka - Trzmielowicka - Rubczaka - Płońskiego - LEŚNICA|LEŚNICA - Rubczaka - Trzmielowicka - Średzka - Wrocławska - Chrobrego - Piastowska - Kościuszki - Średzka - Wrocławska - Sportowa - Kolejowa - KSIĘGINICE P&R",3,39,"2021-07-23","2999-01-01"
